title,length,time,tag,pv,likes
AI時代に必要なスキルとは,2051,10:37,"キャリア,働き方",1233,79
30代でキャリアに悩んだときに読んだ本,1716,18:11,"読書,ライフハック",1289,123
SNS疲れから抜け出す方法,2455,23:50,"SNS,メンタル",833,47
副業を始める前に知っておくべきこと,2186,05:20,"副業,マネー",636,61
朝活のススメ,1881,14:27,"生活習慣,朝活",1122,72
1日1食生活の記録,1938,13:14,"健康,ライフスタイル",1171,123
Z世代にウケるデザインとは,1345,20:30,"デザイン,Z世代",664,53
ブログアクセスが3倍になった理由,2368,03:19,"ブログ,アクセス解析",789,143
生成AIとの共存を考える,1785,10:03,"AI,未来",1142,185
集中力を高める3つの習慣,2210,23:42,"集中力,習慣",1256,98
書くことがない日のnote活用術,1976,20:23,"note,執筆術",351,48
noteを使って収益化できるか？,1323,09:32,"収益化,書き方",768,139
忙しい人のための時短読書術,2004,09:39,"読書,時短",1182,64
「好き」を仕事にするための第一歩,1948,01:31,"仕事,好きなこと",1369,196
コミュ障でも営業できる方法,1274,04:07,"営業,人見知り",434,49
